personURI,personId,preferredName,labelDe,labelEn,gndId,wikidataId,latestDate,associatedWorks
https://dh.plus.ac.at/mhdbdb/instance/778d109009d62ccafa6cc3d6d17c6a3deed2dadcada943da02a54a487abe6dc7,778d109009d62ccafa6cc3d6d17c6a3deed2dadcada943da02a54a487abe6dc7,,Karl IV.,Charles IV,118560085,Q155669,2021-10-13T15:29:21.930000+02:00,work_572
https://dh.plus.ac.at/mhdbdb/instance/b30959e665539fa47b544c4320a15b2bd987157ebccf1f243e34afd4f52f022d,b30959e665539fa47b544c4320a15b2bd987157ebccf1f243e34afd4f52f022d,,Rüdeger von Hunchofen,Rüdeger von Hunchofen,119182041,Q55132971,2021-10-13T15:27:02.471000+02:00,work_326
https://dh.plus.ac.at/mhdbdb/instance/c5ec3a118a2bd22c5c48965ca917597788c38eec249c5c358af1e8dd8814120a,c5ec3a118a2bd22c5c48965ca917597788c38eec249c5c358af1e8dd8814120a,,Ezzo,Ezzo,100956688,Q74562,2021-10-13T15:22:16.019000+02:00,work_46
https://dh.plus.ac.at/mhdbdb/instance/person_05154796-f128-42a1-bd0d-e8335bf854e6,person_05154796-f128-42a1-bd0d-e8335bf854e6,Albertanus von Brescia,Albertanus von Brescia,Albertanus of Brescia,11904059X,Q2831705,2021-10-13T13:55:06.326000+02:00,work_563
https://dh.plus.ac.at/mhdbdb/instance/person_1,person_1,Konrad von Würzburg,Konrad von Würzburg,Konrad von Würzburg,118565133,Q77480,2021-10-13T14:00:09.283000+02:00,"work_107,work_11,work_12,work_133,work_325,work_36,work_4,work_57,work_61,work_64,work_648,work_65,work_69,work_8,work_9"
https://dh.plus.ac.at/mhdbdb/instance/person_1007,person_1007,Niemand,Niemand,Niemand,102840466,,2021-10-13T13:39:43.490000+02:00,work_379
https://dh.plus.ac.at/mhdbdb/instance/person_1027,person_1027,Burggraf von Lienz,Burggraf von Lienz,Burggraf von Lienz,101244894,Q1014955,2021-10-13T14:10:31.209000+02:00,work_488
https://dh.plus.ac.at/mhdbdb/instance/person_1028,person_1028,Walther von Breisach,Walther von Breisach,Walther von Breisach,101245203,Q1637897,2021-10-13T14:22:48.493000+02:00,work_489
https://dh.plus.ac.at/mhdbdb/instance/person_1029,person_1029,Burkhart von Hohenfels,Burkart von Hohenfels,Burkart von Hohenfels,118665308,Q104484,2021-10-13T14:09:29.101000+02:00,work_627
https://dh.plus.ac.at/mhdbdb/instance/person_1031,person_1031,Konrad von Kirchberg,Konrad von Kirchberg,Konrad von Kirchberg,10096446X,Q55122460,2021-10-13T13:30:12.896000+02:00,work_491
https://dh.plus.ac.at/mhdbdb/instance/person_1033,person_1033,Dietmar der Setzer,Dietmar der Setzer,Dietmar der Setzer,101244606,Q1223597,2021-10-13T14:49:49.153000+02:00,work_628
https://dh.plus.ac.at/mhdbdb/instance/person_1034,person_1034,Graf Heinrich von Anhalt,Heinrich I.,"Henry I, Count of Anhalt",101272294,Q67176,2021-10-13T13:30:50.962000+02:00,work_492
https://dh.plus.ac.at/mhdbdb/instance/person_1035,person_1035,Der Dürner,Der Dürner,Der Dürner,102570701,,2021-10-13T14:13:35.488000+02:00,work_481
https://dh.plus.ac.at/mhdbdb/instance/person_1036,person_1036,Der Düring,Der Düring,Der Düring,101244630,Q1193061,2021-10-13T14:11:44.518000+02:00,work_493
https://dh.plus.ac.at/mhdbdb/instance/person_1037,person_1037,Der wilde Alexander,Der wilde Alexander,Der wilde Alexander,118644629,Q1199842,2021-10-13T14:40:29.308000+02:00,work_497
https://dh.plus.ac.at/mhdbdb/instance/person_1039,person_1039,Friedrich von Leiningen,Friedrich II.,Friedrich II,1037763483,Q15810612,2021-10-13T14:45:59.972000+02:00,work_482
https://dh.plus.ac.at/mhdbdb/instance/person_1039,person_1039,Friedrich von Leiningen,Friedrich II.,Friedrich II,118535838,Q15810612,2021-10-13T14:45:59.972000+02:00,work_482
https://dh.plus.ac.at/mhdbdb/instance/person_104,person_104,Ottokar aus der Gaal,Ottokar aus der Gaal,Ottokar aus der Gaal,118738836,Q876153,2021-10-13T14:48:46.926000+02:00,work_188
https://dh.plus.ac.at/mhdbdb/instance/person_1040,person_1040,Gedrut/Geltar,Geltar,Geltar,101244665,Q1499830,2021-10-13T13:44:31.811000+02:00,work_495
https://dh.plus.ac.at/mhdbdb/instance/person_1041,person_1041,Gösli von Ehenhein,Goesli von Ehenheim,Goesli von Ehenheim,101244681,Q13142628,2021-10-13T14:01:10.744000+02:00,work_496
https://dh.plus.ac.at/mhdbdb/instance/person_1047,person_1047,Günther von dem Vorste,Günther von dem Vorste,Günther von dem Vorste,10124469X,Q55127210,2021-10-13T14:32:22.407000+02:00,work_664
https://dh.plus.ac.at/mhdbdb/instance/person_1048,person_1048,Hawart,Hawart,Hawart,10124472X,Q55132804,2021-10-13T14:24:36.779000+02:00,work_416
https://dh.plus.ac.at/mhdbdb/instance/person_1049,person_1049,Heinrich von der Muore,Heinrich von der Muore,Heinrich von der Mure,101244762,Q55130936,2021-10-13T14:02:56.692000+02:00,work_617
https://dh.plus.ac.at/mhdbdb/instance/person_1050,person_1050,Heinrich von Pressela,Heinrich IV.,Henryk IV Probus,101237200,Q53447,2021-10-13T13:43:48.751000+02:00,work_508
https://dh.plus.ac.at/mhdbdb/instance/person_1050,person_1050,Heinrich von Pressela,Heinrich IV.,Henryk IV Probus,124928269,Q53447,2021-10-13T13:43:48.751000+02:00,work_508
https://dh.plus.ac.at/mhdbdb/instance/person_1050,person_1050,Heinrich von Breslau,Heinrich IV.,Henryk IV Probus,101237200,Q53447,2021-10-13T13:43:48.751000+02:00,work_508
https://dh.plus.ac.at/mhdbdb/instance/person_1050,person_1050,Heinrich von Breslau,Heinrich IV.,Henryk IV Probus,124928269,Q53447,2021-10-13T13:43:48.751000+02:00,work_508
https://dh.plus.ac.at/mhdbdb/instance/person_1051,person_1051,Heinrich Hetzbold von Weißensee,Heinrich Hetzbold von Weißensee,Heinrich Hetzbold,104083182,Q1597605,2021-10-13T14:25:09.067000+02:00,work_415
https://dh.plus.ac.at/mhdbdb/instance/person_1052,person_1052,Hugo von Mühldorf,Hugo von Mühldorf,Hugo von Mühldorf,101244886,,2021-10-13T13:51:39.842000+02:00,work_435
https://dh.plus.ac.at/mhdbdb/instance/person_1053,person_1053,Hartman von Starkenberg,Hartmann von Starkenberg,Hartman von Starkenberg,118701800,Q55126904,2021-10-13T14:35:04.384000+02:00,work_419
https://dh.plus.ac.at/mhdbdb/instance/person_1054,person_1054,Hiltbolt von Schwangau,Hiltbolt von Schwangau,Hiltbolt von Schwangau,118551205,Q1618902,2021-10-13T13:48:15.858000+02:00,work_420
https://dh.plus.ac.at/mhdbdb/instance/person_1055,person_1055,Hugo von Werbenwag,Huc v. Werbenwâe,Hugo von Werbenwag,100946682,Q55133343,2021-10-13T13:22:58.787000+02:00,work_417
https://dh.plus.ac.at/mhdbdb/instance/person_1056,person_1056,Der Kanzler,Kanzler,Kanzler,118720767,Q55194186,2021-10-13T13:24:05.512000+02:00,work_630
https://dh.plus.ac.at/mhdbdb/instance/person_1057,person_1057,König Konrad der Junge,Konradin,Conradin,118565141,Q158246,2021-10-13T13:17:56.722000+02:00,work_421
https://dh.plus.ac.at/mhdbdb/instance/person_1058,person_1058,Der Kol von Niunzen,Der Kol von Niunzen,Der Kol von Niunzen,101244835,,2021-10-13T13:47:55.828000+02:00,work_418
https://dh.plus.ac.at/mhdbdb/instance/person_1059,person_1059,Kristan von Lupin,Kristan von Luppin,Kristan von Luppin,10124486X,Q1789160,2021-10-13T14:20:26.032000+02:00,work_436
https://dh.plus.ac.at/mhdbdb/instance/person_1060,person_1060,Leuthold von Seven,Leuthold von Seven,Leuthold von Seven,101244908,Q1247726,2021-10-13T13:56:35.179000+02:00,work_422
https://dh.plus.ac.at/mhdbdb/instance/person_1061,person_1061,"Heinrich III., Markgraf von Meißen",Heinrich III.,Henry III,118548220,Q61258,2021-10-13T14:20:51.373000+02:00,work_534
https://dh.plus.ac.at/mhdbdb/instance/person_1062,person_1062,Von Munegiur,Ulrich von Munegiur,Von Munegiur,115611312,Q86460453,2021-10-13T13:51:02.819000+02:00,work_429
https://dh.plus.ac.at/mhdbdb/instance/person_1063,person_1063,Der Markgraf von Hohenburg,Berthold von Hohenburg,Berthold von Hohenburg,135684315,Q828118,2021-10-13T14:35:50.065000+02:00,work_423
https://dh.plus.ac.at/mhdbdb/instance/person_1064,person_1064,Niune,Niune,Niune,101244924,Q1675261,2021-10-13T13:58:13.267000+02:00,work_535
https://dh.plus.ac.at/mhdbdb/instance/person_1066,person_1066,Otto von Brandenburg mit dem Pfeil,Otto IV.,"Otto IV, Margrave of Brandenburg-Stendal",101237189,Q62568,2021-10-13T13:40:56.086000+02:00,work_424
https://dh.plus.ac.at/mhdbdb/instance/person_1067,person_1067,Otto von Botenlauben,Otto von Botenlauben,Otto von Botenlauben,118738763,Q454580,2021-10-13T14:49:31.353000+02:00,work_425
https://dh.plus.ac.at/mhdbdb/instance/person_1068,person_1068,Der Püller,Der Püller,Der Püller,101244959,Q1196326,2021-10-13T14:02:11.510000+02:00,work_537
https://dh.plus.ac.at/mhdbdb/instance/person_1069,person_1069,Reinmar der Junge,Reinmar der Junge,Reinmar der Junge,104095970,,2021-10-13T13:37:40.410000+02:00,work_536
https://dh.plus.ac.at/mhdbdb/instance/person_1070,person_1070,Rudolf der Schreiber,Rudolf der Schreiber,Rudolf der Schreiber,101245068,Q55133386,2021-10-13T14:23:54.145000+02:00,work_538
https://dh.plus.ac.at/mhdbdb/instance/person_1071,person_1071,Reinmar der Fiedler,Reinmar der Fiedler,Reinmar der Fiedler,10124505X,Q55132805,2021-10-13T13:27:03.008000+02:00,work_426
https://dh.plus.ac.at/mhdbdb/instance/person_1072,person_1072,Rubin,Rubin,Rubin,104096047,Q55936668,2021-10-13T13:45:48.404000+02:00,work_665
https://dh.plus.ac.at/mhdbdb/instance/person_1073,person_1073,Rubin und Rüdeger,Rubin und Rüdeger,Rubin und Rüdeger,104096047,Q55936668,2021-10-13T13:58:45.924000+02:00,work_540
https://dh.plus.ac.at/mhdbdb/instance/person_1074,person_1074,Reinmar von Brennenberg,Reinmar von Brennenberg,Reinmar von Brennenberg,101244983,Q2141682,2021-10-13T14:12:05.357000+02:00,work_615
https://dh.plus.ac.at/mhdbdb/instance/person_1087,person_1087,Rudolf von Rotenburg,Rudolf von Rotenburg,Rudolf von Rotenburg,100553826,Q1596201,2021-10-13T14:41:33.413000+02:00,work_430
https://dh.plus.ac.at/mhdbdb/instance/person_1088,person_1088,Von Stamheim,Stamheim,Stamheim,101245157,Q55194416,2021-10-13T13:17:20.589000+02:00,work_431
https://dh.plus.ac.at/mhdbdb/instance/person_1089,person_1089,Der Schulmeister von Esslingen,Schulmeister von Esslingen,Schulmeister von Esslingen,101272413,Q55194377,2021-10-13T14:35:19.208000+02:00,work_494
https://dh.plus.ac.at/mhdbdb/instance/person_1090,person_1090,Der Schenk von Limburg,Schenken von Limpurg,County of Limpurg,139796487,Q110953,2021-10-13T13:21:11.450000+02:00,work_467
https://dh.plus.ac.at/mhdbdb/instance/person_1090,person_1090,Der Schenk von Limburg,Schenken von Limpurg,County of Limpurg,139796487,Q2375120,2021-10-13T13:21:11.450000+02:00,work_467
https://dh.plus.ac.at/mhdbdb/instance/person_1090,person_1090,Der Schenk von Limburg,Schenken von Limpurg,County of Limpurg,139856609,Q110953,2021-10-13T13:21:11.450000+02:00,work_467
https://dh.plus.ac.at/mhdbdb/instance/person_1090,person_1090,Der Schenk von Limburg,Schenken von Limpurg,County of Limpurg,139856609,Q2375120,2021-10-13T13:21:11.450000+02:00,work_467
https://dh.plus.ac.at/mhdbdb/instance/person_1091,person_1091,Der tugendhafte Schreiber,Heinrich der Tugendhafte Schreiber,Der tugendhafte Schreiber,101245114,Q55194152,2021-10-13T13:39:38.603000+02:00,work_432
https://dh.plus.ac.at/mhdbdb/instance/person_1092,person_1092,Ulrich von Winterstetten,Ulrich von Winterstetten,Ulrich von Winterstetten,118763601,Q1615590,2021-10-13T13:13:20.912000+02:00,"work_468,work_470"
https://dh.plus.ac.at/mhdbdb/instance/person_1095,person_1095,Von Buchein,Der von Buchein,Der von Buchein,101244576,Q1433701,2021-10-13T13:24:39.971000+02:00,work_469
https://dh.plus.ac.at/mhdbdb/instance/person_1096,person_1096,Friedrich der Knecht,Friedrich der Knecht,Friedrich der Knecht,101244657,,2021-10-13T13:51:57.889000+02:00,work_471
https://dh.plus.ac.at/mhdbdb/instance/person_1097,person_1097,Von Obernburg,Von Obernburg,Der Obernburg,104090006,Q1686214,2021-10-13T13:33:53.843000+02:00,work_472
https://dh.plus.ac.at/mhdbdb/instance/person_1099,person_1099,Von Sachsendorf,der von Sachsendorf,Ulrich of Sachsendorf,100963579,Q55133353,2021-10-13T13:46:59.341000+02:00,work_539
https://dh.plus.ac.at/mhdbdb/instance/person_11,person_11,Rudolf von Ems,Rudolf von Ems,Rudolf von Ems,118603736,Q697801,2021-10-13T13:55:22.215000+02:00,"work_16,work_186,work_78"
https://dh.plus.ac.at/mhdbdb/instance/person_1100,person_1100,Von Stadegge,Rudolf von Stadegge,Rudolf Herr und Graf von Stadeck,104104333,Q75395239,2021-10-13T13:56:17.154000+02:00,work_474
https://dh.plus.ac.at/mhdbdb/instance/person_1101,person_1101,Von Suonegge,Der von Suonegge,Der von Suonegge,104334096,Q18605973,2021-10-13T14:42:53.319000+02:00,work_631
https://dh.plus.ac.at/mhdbdb/instance/person_1102,person_1102,Von Wissenlo,Wissenlo,Wissenlo,104110147,Q55194460,2021-10-13T14:22:00.291000+02:00,work_473
https://dh.plus.ac.at/mhdbdb/instance/person_1103,person_1103,Walther von Mezze,Walther von Metze,Walther von Metze,141900253,Q55194268,2021-10-13T14:46:40.954000+02:00,work_541
https://dh.plus.ac.at/mhdbdb/instance/person_1104,person_1104,Wenzel II. von Böhmen,Wenzel II.,Wenceslaus II of Bohemia,100700233,Q155581,2021-10-13T14:42:32.156000+02:00,work_614
https://dh.plus.ac.at/mhdbdb/instance/person_1107,person_1107,Kristan von Hamle,Kristan von Hamle,Kristan von Hamle,11923114X,Q55124556,2021-10-13T14:29:38.214000+02:00,work_433
https://dh.plus.ac.at/mhdbdb/instance/person_1127,person_1127,Heinrich,Heinrich der Glîchezære,Heinrich der Glïchezäre,1089197535,Q563601,2021-10-13T13:12:32.179000+02:00,work_526
https://dh.plus.ac.at/mhdbdb/instance/person_1127,person_1127,Heinrich,Heinrich der Glîchezære,Heinrich der Glïchezäre,118709747,Q563601,2021-10-13T13:12:32.179000+02:00,work_526
https://dh.plus.ac.at/mhdbdb/instance/person_1147,person_1147,Arnaldus de Villa Nova,Arnaldus de Villanova,Arnaldus de Villa Nova,118645854,Q356568,2021-10-13T13:39:05.321000+02:00,work_654
https://dh.plus.ac.at/mhdbdb/instance/person_1148,person_1148,Tannhäuser,Tannhäuser,Tannhäuser,118620746,Q810443,2021-10-13T13:59:45.054000+02:00,work_550
https://dh.plus.ac.at/mhdbdb/instance/person_1167,person_1167,Hans von Bühel,Hans von Bühel,Hans von Bühel,1089918593,Q1583366,2021-10-13T13:45:16.391000+02:00,work_427
https://dh.plus.ac.at/mhdbdb/instance/person_1167,person_1167,Hans von Bühel,Hans von Bühel,Hans von Bühel,119011697,Q1583366,2021-10-13T13:45:16.391000+02:00,work_427
https://dh.plus.ac.at/mhdbdb/instance/person_1187,person_1187,Ulrich Füetrer,Ulrich Füetrer,Ulrich Füetrer,118694081,Q882619,2021-10-13T13:44:17.237000+02:00,work_434
https://dh.plus.ac.at/mhdbdb/instance/person_12,person_12,Ulrich von Etzenbach (Eschenbach),Ulrich von Etzenbach,Ulrich von Etzenbach,11876358X,Q11878093,2021-10-13T14:47:16.260000+02:00,"work_21,work_76"
https://dh.plus.ac.at/mhdbdb/instance/person_1207,person_1207,Der Wilde Mann,Der wilde Mann,Der Wilde Mann,121006557,Q1199846,2021-10-13T14:09:48.644000+02:00,"work_437,work_438,work_439,work_440"
https://dh.plus.ac.at/mhdbdb/instance/person_1208,person_1208,Brunwart von Augheim,Brunwart von Augheim,Brunwart von Augheim,118827685,Q994210,2021-10-13T13:50:05.961000+02:00,work_490
https://dh.plus.ac.at/mhdbdb/instance/person_124,person_124,Der von Kürenberg,Der von Kürenberg,Der von Kürenberg,118567756,Q615613,2021-10-13T13:18:17.562000+02:00,work_3
https://dh.plus.ac.at/mhdbdb/instance/person_1247,person_1247,Kraft von Toggenburg,Kraft von Toggenburg,Kraft von Toggenburg,101272367,Q55133399,2021-10-13T13:40:42.761000+02:00,work_442
https://dh.plus.ac.at/mhdbdb/instance/person_1248,person_1248,Wernher von Hohenberg,Werner von Homberg,Wernher von Homberg,101240872,Q2563044,2021-10-13T13:13:03.991000+02:00,work_443
https://dh.plus.ac.at/mhdbdb/instance/person_1249,person_1249,Jakob von Wart,Jakob von Wart,Jakob von Wart,101272170,Q1679479,2021-10-13T13:56:51.037000+02:00,work_445
https://dh.plus.ac.at/mhdbdb/instance/person_1249,person_1249,Jakob von Warte,Jakob von Wart,Jakob von Wart,101272170,Q1679479,2021-10-13T13:56:51.037000+02:00,work_445
https://dh.plus.ac.at/mhdbdb/instance/person_125,person_125,Meinloh von Sevelingen,Meinloh von Sevelingen,Meinloh von Sevelingen,100964648,Q835026,2021-10-13T13:46:22.290000+02:00,work_38
https://dh.plus.ac.at/mhdbdb/instance/person_1250,person_1250,Eberhard von Sax,Eberhard von Sax,Eberhard von Sax,100447430,Q42953649,2021-10-13T13:28:00.952000+02:00,work_446
https://dh.plus.ac.at/mhdbdb/instance/person_1251,person_1251,Walther von Klingen,Walther von Klingen,Walther von Klingen,10096883X,Q2547564,2021-10-13T14:26:34.186000+02:00,work_444
https://dh.plus.ac.at/mhdbdb/instance/person_1252,person_1252,Heinrich von Sax,Heinrich III. von Sax,Heinrich III. von Sax,10127226X,Q55133397,2021-10-13T13:15:26.538000+02:00,work_447
https://dh.plus.ac.at/mhdbdb/instance/person_1253,person_1253,Heinrich von Frauenberg,Heinrich von Frauenberg,Heinrich von Frauenberg,101244738,Q1599512,2021-10-13T13:50:51.099000+02:00,work_448
https://dh.plus.ac.at/mhdbdb/instance/person_1254,person_1254,Der von Gliers,der von Gliers,der von Gliers,100489605,Q55122378,2021-10-13T14:08:32.920000+02:00,work_449
https://dh.plus.ac.at/mhdbdb/instance/person_1255,person_1255,Wernher von Teufen,Wernher von Teufen,Wernher von Teufen,101245262,Q55133387,2021-10-13T14:14:25.663000+02:00,work_450
https://dh.plus.ac.at/mhdbdb/instance/person_1256,person_1256,Heinrich von Stretelingen,Heinrich von Stretelingen,Heinrich von Stretelingen,101272251,Q1599689,2021-10-13T14:01:58.659000+02:00,work_451
https://dh.plus.ac.at/mhdbdb/instance/person_1257,person_1257,Hesso von Rinach,Hesso von Reinach,Hesso von Reinach,103126031,Q1616022,2021-10-13T14:36:31.376000+02:00,work_452
https://dh.plus.ac.at/mhdbdb/instance/person_1258,person_1258,Ulrich von Singenberg,Ulrich von Singenberg,Ulrich von Singenberg,118625322,Q2477082,2021-10-13T14:12:37.951000+02:00,work_619
https://dh.plus.ac.at/mhdbdb/instance/person_1259,person_1259,Johann von Ringgenberg,Johann von Ringgenberg,Johann von Ringgenberg,101240910,Q1696847,2021-10-13T14:16:54.544000+02:00,work_625
https://dh.plus.ac.at/mhdbdb/instance/person_126,person_126,Burggraf von Regensburg,Burggraf von Regensburg,Burggraf von Regensburg,101245041,Q1014953,2021-10-13T14:30:29.793000+02:00,work_39
https://dh.plus.ac.at/mhdbdb/instance/person_1260,person_1260,Albrecht von Raprechtswil,Albrecht von Rapperswil,Albrecht von Rapperswil,101244541,Q2640077,2021-10-13T13:46:04.213000+02:00,work_454
https://dh.plus.ac.at/mhdbdb/instance/person_1261,person_1261,Otto zum Turm,Otto zem Turne,Otto zem Turne,103126309,Q55133385,2021-10-13T14:00:33.707000+02:00,work_455
https://dh.plus.ac.at/mhdbdb/instance/person_1262,person_1262,Konrad von Landeck,Konrad von Landeck,Konrad von Landeck,118840746,Q1403802,2021-10-13T13:37:03.976000+02:00,work_453
https://dh.plus.ac.at/mhdbdb/instance/person_1263,person_1263,Winli,Winli,Winli,120949687,Q55133018,2021-10-13T14:50:10.096000+02:00,work_456
https://dh.plus.ac.at/mhdbdb/instance/person_1264,person_1264,Konrad von Altstetten,Konrad von Altstetten,Konrad von Altstetten,10095121X,Q1782400,2021-10-13T14:00:55.958000+02:00,work_457
https://dh.plus.ac.at/mhdbdb/instance/person_1265,person_1265,Der von Trostberg,von Trostberg,von Trostberg,115497757,Q55134135,2021-10-13T13:08:25.568000+02:00,work_458
https://dh.plus.ac.at/mhdbdb/instance/person_1268,person_1268,Heinrich der Rost,Heinrich der Rost,Heinrich der Rost,103127178,,2021-10-13T14:45:29.316000+02:00,work_618
https://dh.plus.ac.at/mhdbdb/instance/person_1269,person_1269,Der von Wengen,von Wengen,von Wengen,120951487,Q55133389,2021-10-13T14:24:26.364000+02:00,work_623
https://dh.plus.ac.at/mhdbdb/instance/person_127,person_127,,Burggraf von Riedenburg,Burggraf von Riedenburg,101245009,Q55194346,2021-10-13T13:23:39.828000+02:00,work_40
https://dh.plus.ac.at/mhdbdb/instance/person_1270,person_1270,Pfeffel,Pfeffel,Pfeffel,101272235,Q55194324,2021-10-13T14:48:26.380000+02:00,work_624
https://dh.plus.ac.at/mhdbdb/instance/person_1271,person_1271,Der Taler,Der Taler,Der Taler,104176962,,2021-10-13T13:31:00.564000+02:00,work_475
https://dh.plus.ac.at/mhdbdb/instance/person_1272,person_1272,Gast,Gast,Gast,103101101,Q97330193,2021-10-13T13:58:59.148000+02:00,work_460
https://dh.plus.ac.at/mhdbdb/instance/person_1273,person_1273,Ulrich von Baumburg,Ulrich von Baumburg,Ulrich von Baumburg,104364289,,2021-10-13T14:02:36.189000+02:00,work_620
https://dh.plus.ac.at/mhdbdb/instance/person_1274,person_1274,Heinrich von Tettingen,Heinrich von Tettingen,Heinrich von Tettingen,101244770,,2021-10-13T13:31:06.307000+02:00,work_459
https://dh.plus.ac.at/mhdbdb/instance/person_1275,person_1275,Johannes Hadlaub,Johannes Hadlaub,Johannes Hadlaub,118544349,Q124531,2021-10-13T13:54:00.989000+02:00,work_621
https://dh.plus.ac.at/mhdbdb/instance/person_1276,person_1276,Heinrich Teschler,Heinrich Teschler,Heinrich Teschler,104334223,Q55194428,2021-10-13T13:13:49.461000+02:00,work_461
https://dh.plus.ac.at/mhdbdb/instance/person_1277,person_1277,Steinmar,Steinmar,Berthold Steinmar,1083806831,Q1749838,2021-10-13T13:48:42.568000+02:00,work_637
https://dh.plus.ac.at/mhdbdb/instance/person_1277,person_1277,Steinmar,Steinmar,Berthold Steinmar,118967843,Q1749838,2021-10-13T13:48:42.568000+02:00,work_637
https://dh.plus.ac.at/mhdbdb/instance/person_1278,person_1278,Goeli,Göli,Göli,119297744,Q55194138,2021-10-13T13:52:41.799000+02:00,work_622
https://dh.plus.ac.at/mhdbdb/instance/person_128,person_128,Spervogel II,Spervogel,Spervogel,119505231,Q2309325,2021-10-13T13:44:57.806000+02:00,work_119
https://dh.plus.ac.at/mhdbdb/instance/person_1327,person_1327,Von Scharpfenberg,von Scharfenberg,von Scharfenberg,104097892,Q55194358,2021-10-13T14:31:58.519000+02:00,work_507
https://dh.plus.ac.at/mhdbdb/instance/person_1328,person_1328,Waltram von Gresten,Herr Waltram von Gresten,Herr Waltram von Gresten,101265654,Q55191163,2021-10-13T14:38:47.393000+02:00,work_646
https://dh.plus.ac.at/mhdbdb/instance/person_1330,person_1330,Willehelm von Heinzenburg,Wilhelm von Heinzenburg,Wilhelm von Heinzenburg,120949695,Q63830938,2021-10-13T14:19:33.672000+02:00,work_635
https://dh.plus.ac.at/mhdbdb/instance/person_1331,person_1331,Wachsmuot von Künzingen,Wachsmut von Künzingen,Wachsmut von Künzingen,101245211,Q2538438,2021-10-13T14:03:18.413000+02:00,work_465
https://dh.plus.ac.at/mhdbdb/instance/person_1332,person_1332,Wachsmut von Mühlhausen,Wachsmut von Mühlhausen,Wachsmut von Mühlhausen,10124522X,Q2538431,2021-10-13T14:39:48.834000+02:00,work_647
https://dh.plus.ac.at/mhdbdb/instance/person_1347,person_1347,Frauenlob,Frauenlob,Heinrich Frauenlob,118535102,Q62702,2021-10-13T14:52:27.978000+02:00,work_463
https://dh.plus.ac.at/mhdbdb/instance/person_1387,person_1387,Gottfried Hagen,Gottfried Hagen,Gottfried Hagen,118544721,Q101639,2021-10-13T14:39:31.452000+02:00,work_576
https://dh.plus.ac.at/mhdbdb/instance/person_14,person_14,Reinbot von Durne,Reinbot von Durne,Reinbot von Durne,1089616872,Q2140319,2021-10-13T13:10:14.822000+02:00,work_52
https://dh.plus.ac.at/mhdbdb/instance/person_14,person_14,Reinbot von Durne,Reinbot von Durne,Reinbot von Durne,118788213,Q2140319,2021-10-13T13:10:14.822000+02:00,work_52
https://dh.plus.ac.at/mhdbdb/instance/person_1407,person_1407,Heinrich Steinhöwel,Heinrich Steinhöwel,Heinrich Steinhöwel,118617486,Q108124,2021-10-13T13:23:18.162000+02:00,work_568
https://dh.plus.ac.at/mhdbdb/instance/person_1427,person_1427,Nikolaus von Kues,Nikolaus von Kues,Nicholas of Cusa,118588095,Q154751,2021-10-13T13:47:36.002000+02:00,work_552
https://dh.plus.ac.at/mhdbdb/instance/person_144,person_144,,Herger,Herger,118549588,Q1035515,2021-10-13T14:31:31.766000+02:00,work_41
https://dh.plus.ac.at/mhdbdb/instance/person_1447,person_1447,Albrecht von Eyb,Albrecht von Eyb,Albrecht von Eyb,118644378,Q77715,2021-10-13T14:23:09.129000+02:00,work_573
https://dh.plus.ac.at/mhdbdb/instance/person_145,person_145,Dietmar von Aist,Dietmar von Aist,Dietmar von Aist,11867191X,Q1223622,2021-10-13T14:17:33.746000+02:00,work_43
https://dh.plus.ac.at/mhdbdb/instance/person_1467,person_1467,Der Marner,Der Marner,Der Marner,118782010,Q1195721,2021-10-13T13:54:17.406000+02:00,work_562
https://dh.plus.ac.at/mhdbdb/instance/person_1487,person_1487,Rumelant von Sachsen,Rumelant von Sachsen,Meister Rumelant,1089550928,Q86815,2021-10-13T14:19:51.135000+02:00,work_581
https://dh.plus.ac.at/mhdbdb/instance/person_1487,person_1487,Rumelant von Sachsen,Rumelant von Sachsen,Meister Rumelant,101272375,Q86815,2021-10-13T14:19:51.135000+02:00,work_581
https://dh.plus.ac.at/mhdbdb/instance/person_15,person_15,Albrecht von Kemenaten,Albrecht von Kemenaten,Albrecht von Kemenaten,102421641,Q2640054,2021-10-13T13:08:47.494000+02:00,work_33
https://dh.plus.ac.at/mhdbdb/instance/person_1507,person_1507,Sebastian Brant,Sebastian Brant,Sebastian Brant,118514474,Q60351,2021-10-13T13:09:14.158000+02:00,"work_555,work_582"
https://dh.plus.ac.at/mhdbdb/instance/person_1527,person_1527,Ulrich Helmasperger,Ulrich Helmasperger,Ulrich Helmasperger,1055144765,Q19984777,2021-10-13T14:36:02.497000+02:00,work_560
https://dh.plus.ac.at/mhdbdb/instance/person_1547,person_1547,Mechthild von Magdeburg,Mechthild von Magdeburg,Mechthild of Magdeburg,118579797,Q269687,2021-10-13T14:31:15.225000+02:00,"work_571,work_587"
https://dh.plus.ac.at/mhdbdb/instance/person_1567,person_1567,Der Junge Meißner,Meißner,Meißner,118580302,Q107063545,2021-10-13T14:13:46.724000+02:00,work_583
https://dh.plus.ac.at/mhdbdb/instance/person_1587,person_1587,Der Meißner (der Jenaer Lhs.),Der Meißner (der Jenaer Lhs.),Der Meißner (der Jenaer Lhs.),137330030,,2021-10-13T14:51:50.405000+02:00,work_580
https://dh.plus.ac.at/mhdbdb/instance/person_1607,person_1607,Bruder Wernher,Bruder Wernher,Bruder Wernher,118631543,Q992181,2021-10-13T13:58:53.447000+02:00,work_586
https://dh.plus.ac.at/mhdbdb/instance/person_1627,person_1627,Heinrich Münsinger,Heinrich Mynsinger,Heinrich Mynsinger,120678179,Q55125280,2021-10-13T13:14:33.433000+02:00,work_653
https://dh.plus.ac.at/mhdbdb/instance/person_164,person_164,Kaiser Heinrich,Heinrich VI.,"Henry VI, Holy Roman Emperor",118548298,Q150953,2021-10-13T14:39:07.496000+02:00,work_44
https://dh.plus.ac.at/mhdbdb/instance/person_1647,person_1647,Augustin Tünger,Augustin Tünger,Augustin Tünger,100963447,Q768137,2021-10-13T13:30:00.593000+02:00,work_643
https://dh.plus.ac.at/mhdbdb/instance/person_165,person_165,Friedrich von Hausen,Friedrich von Hausen,Friedrich von Hausen,118693549,Q68499,2021-10-13T13:57:34.760000+02:00,work_45
https://dh.plus.ac.at/mhdbdb/instance/person_1687,person_1687,Seifrit,Seifrit,Seifrit,120085895,Q14566774,2021-10-13T13:20:35.932000+02:00,work_185
https://dh.plus.ac.at/mhdbdb/instance/person_1707,person_1707,König vom Odenwald,König vom Odenwald,König vom Odenwald,1089595352,Q55132949,2021-10-13T13:31:52.658000+02:00,work_636
https://dh.plus.ac.at/mhdbdb/instance/person_1707,person_1707,König vom Odenwald,König vom Odenwald,König vom Odenwald,118858300,Q55132949,2021-10-13T13:31:52.658000+02:00,work_636
https://dh.plus.ac.at/mhdbdb/instance/person_1727,person_1727,,Mönch von Heilsbronn,Mönch von Heilsbronn,118784420,Q27580989,2021-10-13T13:52:18.196000+02:00,"work_596,work_649,work_650,work_652"
https://dh.plus.ac.at/mhdbdb/instance/person_1727,person_1727,,Mönch von Heilsbronn,Mönch von Heilsbronn,118784420,Q55124495,2021-10-13T13:52:18.196000+02:00,"work_596,work_649,work_650,work_652"
https://dh.plus.ac.at/mhdbdb/instance/person_1767,person_1767,Christian Egenolff,Christian Egenolff,Christian Egenolff,122968468,Q74924,2021-10-13T14:49:09.458000+02:00,
https://dh.plus.ac.at/mhdbdb/instance/person_184,person_184,Ulrich von Gutenburg,Ulrich von Gutenburg,Ulrich von Gutenburg,100968848,Q2477006,2021-10-13T13:45:40.212000+02:00,work_162
https://dh.plus.ac.at/mhdbdb/instance/person_2,person_2,Hartmann von Aue,Hartmann von Aue,Hartmann von Aue,118546228,Q75852,2021-10-13T13:31:32.977000+02:00,"work_193,work_30,work_51,work_602,work_607"
https://dh.plus.ac.at/mhdbdb/instance/person_204,person_204,Albrecht von Johansdorf,Albrecht von Johansdorf,Albrecht von Johansdorf,118501631,Q328140,2021-10-13T13:09:32.521000+02:00,work_163
https://dh.plus.ac.at/mhdbdb/instance/person_224,person_224,Heinrich von Rugge,Heinrich von Rugge,Heinrich von Rugge,118773755,Q1599658,2021-10-13T13:34:28.020000+02:00,work_206
https://dh.plus.ac.at/mhdbdb/instance/person_225,person_225,Bernger von Horheim,Bernger von Horheim,Bernger von Horheim,102421684,Q90481,2021-10-13T14:33:00.381000+02:00,work_164
https://dh.plus.ac.at/mhdbdb/instance/person_226,person_226,Hartwig von Raute,Hartwig von Raute,Hartwig von Raute,101244975,Q23060891,2021-10-13T13:36:41.424000+02:00,work_165
https://dh.plus.ac.at/mhdbdb/instance/person_227,person_227,Bligger von Steinach,Bligger von Steinach,Bligger von Steinach,118920952,Q884089,2021-10-13T13:27:23.828000+02:00,"work_313,work_5"
https://dh.plus.ac.at/mhdbdb/instance/person_230,person_230,Rudolf von Fenis,Rudolf von Neuenburg,"Rudolph II, Count of Neufchâtel",11879146X,Q124709,2021-10-13T13:11:15.329000+02:00,work_166
https://dh.plus.ac.at/mhdbdb/instance/person_244,person_244,Heinrich von Morungen,Heinrich von Morungen,Heinrich von Morungen,118709836,Q1599629,2021-10-13T13:42:47.866000+02:00,work_70
https://dh.plus.ac.at/mhdbdb/instance/person_264,person_264,Engelhart von Adelnburg,Engelhart von Adelnburg,Engelhart von Adelnburg,1013706803,Q81438421,2021-10-13T14:38:28.178000+02:00,work_126
https://dh.plus.ac.at/mhdbdb/instance/person_284,person_284,Reinmar der Alte,Reinmar der Alte,Reinmar of Hagenau,11859950X,Q7310404,2021-10-13T14:30:17.180000+02:00,work_127
https://dh.plus.ac.at/mhdbdb/instance/person_32,person_32,Der Pleier,Der Pleier,Der Pleier,118595008,Q5261194,2021-10-13T13:49:18.675000+02:00,"work_34,work_50,work_68"
https://dh.plus.ac.at/mhdbdb/instance/person_324,person_324,Walther von der Vogelweide,Walther von der Vogelweide,Walther von der Vogelweide,118628976,Q44385,2021-10-13T14:15:19.859000+02:00,"work_115,work_118"
https://dh.plus.ac.at/mhdbdb/instance/person_33,person_33,Heinrich von Freiberg,Heinrich von Freiberg,Heinrich von Freiberg,108973445X,Q96102,2021-10-13T14:27:12.965000+02:00,work_73
https://dh.plus.ac.at/mhdbdb/instance/person_33,person_33,Heinrich von Freiberg,Heinrich von Freiberg,Heinrich von Freiberg,118548360,Q96102,2021-10-13T14:27:12.965000+02:00,work_73
https://dh.plus.ac.at/mhdbdb/instance/person_34,person_34,Ulrich von Türheim,Ulrich von Türheim,Ulrich von Türheim,118625330,Q69875,2021-10-13T13:10:31.476000+02:00,"work_58,work_74"
https://dh.plus.ac.at/mhdbdb/instance/person_344,person_344,Der Mönch von Salzburg,Mönch von Salzburg,Monk of Salzburg,11854974X,Q1677247,2021-10-13T14:30:43.914000+02:00,"work_116,work_117"
https://dh.plus.ac.at/mhdbdb/instance/person_35,person_35,Herbort von Fritslâr,Herbort von Fritzlar,Herbort of Fritzlar,1089552149,Q1403814,2021-10-13T13:53:03.488000+02:00,work_208
https://dh.plus.ac.at/mhdbdb/instance/person_35,person_35,Herbort von Fritslâr,Herbort von Fritzlar,Herbort of Fritzlar,118549502,Q1403814,2021-10-13T13:53:03.488000+02:00,work_208
https://dh.plus.ac.at/mhdbdb/instance/person_36,person_36,Wirnt von Grafenberg,Wirnt von Grafenberg,Wirnt von Grafenberg,118633945,Q2585673,2021-10-13T13:38:23.882000+02:00,work_15
https://dh.plus.ac.at/mhdbdb/instance/person_364,person_364,Oswald von Wolkenstein,Oswald von Wolkenstein,Oswald von Wolkenstein,118590618,Q45105,2021-10-13T13:11:36.806000+02:00,work_87
https://dh.plus.ac.at/mhdbdb/instance/person_384,person_384,Hugo von Trimberg,Hugo von Trimberg,Hugo von Trimberg,118554638,Q105923,2021-10-13T14:20:15.277000+02:00,work_145
https://dh.plus.ac.at/mhdbdb/instance/person_385,person_385,Christine Ebner,Christine Ebner,Christina Ebner,10094034X,Q70684,2021-10-13T13:15:07.236000+02:00,work_108
https://dh.plus.ac.at/mhdbdb/instance/person_4,person_4,Der Stricker,Der Stricker,Der Stricker,118619284,Q1197199,2021-10-13T14:22:35.103000+02:00,"work_101,work_102,work_103,work_105,work_106,work_123,work_124,work_125,work_129,work_14,work_142,work_152,work_154,work_168,work_174,work_175,work_176,work_183,work_194,work_203,work_210,work_211,work_217,work_218,work_220,work_221,work_222,work_223,work_224,work_226,work_227,work_228,work_230,work_231,work_232,work_233,work_234,work_236,work_237,work_238,work_239,work_240,work_241,work_245,work_246,work_250,work_251,work_252,work_255,work_256,work_257,work_258,work_260,work_261,work_262,work_264,work_265,work_267,work_268,work_270,work_272,work_273,work_274,work_275,work_276,work_277,work_278,work_279,work_280,work_281,work_282,work_283,work_284,work_288,work_292,work_293,work_294,work_295,work_296,work_297,work_298,work_299,work_304,work_308,work_309,work_314,work_315,work_316,work_317,work_318,work_319,work_320,work_322,work_323,work_324,work_329,work_331,work_333,work_334,work_335,work_336,work_337,work_338,work_339,work_341,work_343,work_344,work_346,work_347,work_348,work_362,work_384,work_385,work_387,work_388,work_389,work_390,work_391,work_394,work_395,work_399,work_400,work_401,work_402,work_403,work_405,work_408,work_53,work_610,work_611,work_613,work_655,work_657,work_658,work_659,work_660,work_662,work_663,work_84,work_85,work_92,work_93,work_94,work_97,work_99,work_121"
https://dh.plus.ac.at/mhdbdb/instance/person_40,person_40,Konrad Fleck,Konrad Fleck,Konrad Fleck,118533797,Q1278053,2021-10-13T14:26:53.444000+02:00,work_49
https://dh.plus.ac.at/mhdbdb/instance/person_405,person_405,Thomasin von Zirclaere,Thomasîn von Zerclaere,Thomasin von Zirclaere,118642774,Q95615,2021-10-13T14:19:19.762000+02:00,work_668
https://dh.plus.ac.at/mhdbdb/instance/person_41,person_41,Heinrich von Veldeke,Heinrich von Veldeke,Heinrich von Veldeke,11854845X,Q469608,2021-10-13T14:27:56.127000+02:00,"work_132,work_161,work_42"
https://dh.plus.ac.at/mhdbdb/instance/person_42,person_42,Eilhart von Oberg,Eilhart von Oberg,Eilhart von Oberge,118529528,Q70774,2021-10-13T13:32:58.521000+02:00,work_131
https://dh.plus.ac.at/mhdbdb/instance/person_425,person_425,Süßkind von Trimberg,Süßkind von Trimberg,Süßkind von Trimberg,1089894716,Q324695,2021-10-13T14:25:54.208000+02:00,work_157
https://dh.plus.ac.at/mhdbdb/instance/person_425,person_425,Süßkind von Trimberg,Süßkind von Trimberg,Süßkind von Trimberg,118757725,Q324695,2021-10-13T14:25:54.208000+02:00,work_157
https://dh.plus.ac.at/mhdbdb/instance/person_43,person_43,Wernher der Gartenaere,Wernher der Gartenaere,Wernher der Gartenaere,118631551,Q1238320,2021-10-13T13:19:13.086000+02:00,work_17
https://dh.plus.ac.at/mhdbdb/instance/person_44,person_44,Konrad (der Pfaffe),Pfaffe Konrad,Konrad der Pfaffe,118565060,Q324559,2021-10-13T14:12:57.906000+02:00,work_67
https://dh.plus.ac.at/mhdbdb/instance/person_445,person_445,Meister Eckhart,Meister Eckhart,Meister Eckhart,118528823,Q76548,2021-10-13T14:24:07.844000+02:00,"work_181,work_89"
https://dh.plus.ac.at/mhdbdb/instance/person_45,person_45,Heinrich von Neustadt,Heinrich von Neustadt,Heinrich von Neustadt,1089895550,Q55194154,2021-10-13T13:37:31.989000+02:00,work_77
https://dh.plus.ac.at/mhdbdb/instance/person_45,person_45,Heinrich von Neustadt,Heinrich von Neustadt,Heinrich von Neustadt,118548433,Q55194154,2021-10-13T13:37:31.989000+02:00,work_77
https://dh.plus.ac.at/mhdbdb/instance/person_46,person_46,Ulrich von dem Türlîn,Ulrich von dem Türlin,Ulrich von dem Türlin,118625292,Q122963,2021-10-13T14:44:52.187000+02:00,work_477
https://dh.plus.ac.at/mhdbdb/instance/person_465,person_465,Herrand von Wildonie,Herrand II.,Herrand II of Wildon,100946135,Q1591552,2021-10-13T14:08:52.043000+02:00,"work_184,work_413"
https://dh.plus.ac.at/mhdbdb/instance/person_48,person_48,Johann von Würzburg,Johann von Würzburg,Johann von Würzburg,118712349,Q1696879,2021-10-13T14:15:59.243000+02:00,work_25
https://dh.plus.ac.at/mhdbdb/instance/person_485,person_485,Rüdiger der Hünkhover,Rüdiger der Hünkhover,Rüdiger der Hünkhover,1089721080,,2021-10-13T14:35:32.247000+02:00,work_326
https://dh.plus.ac.at/mhdbdb/instance/person_5,person_5,Ulrich von Liechtenstein,Ulrich von Liechtenstein,Ulrich von Liechtenstein,118625306,Q695576,2021-10-13T14:19:01.272000+02:00,"work_6,work_616,work_7"
https://dh.plus.ac.at/mhdbdb/instance/person_525,person_525,Jans Enikel,Jans der Enikel,Jans Enikel,118711776,Q689252,2021-10-13T13:34:13.614000+02:00,work_171
https://dh.plus.ac.at/mhdbdb/instance/person_545,person_545,Eberhart von Landshut,Eberhart von Landshut,Eberhart von Landshut,119127784,,2021-10-13T13:49:56.898000+02:00,work_216
https://dh.plus.ac.at/mhdbdb/instance/person_565,person_565,Lamprecht der Pfaffe,Pfaffe Lamprecht,Lamprecht,118640305,Q7877757,2021-10-13T14:41:01.649000+02:00,"work_177,work_462"
https://dh.plus.ac.at/mhdbdb/instance/person_585,person_585,Albert von Augsburg,Albert von Augsburg,Albert von Augsburg,100935761,Q1228874,2021-10-13T14:18:17.255000+02:00,work_191
https://dh.plus.ac.at/mhdbdb/instance/person_586,person_586,,Boppe,Boppe,1089267827,Q893246,2021-10-13T13:54:33.996000+02:00,work_310
https://dh.plus.ac.at/mhdbdb/instance/person_586,person_586,,Boppe,Boppe,120635526,Q893246,2021-10-13T13:54:33.996000+02:00,work_310
https://dh.plus.ac.at/mhdbdb/instance/person_6,person_6,Ulrich von Zatzikhoven,Ulrich von Zatzikhoven,Ulrich von Zatzikhoven,118625349,Q70392,2021-10-13T13:50:25.754000+02:00,work_10
https://dh.plus.ac.at/mhdbdb/instance/person_606,person_606,Gundacker von Judenburg,Gundacker von Judenburg,Gundacker von Judenburg,118699253,Q1554554,2021-10-13T14:40:45.934000+02:00,work_172
https://dh.plus.ac.at/mhdbdb/instance/person_607,person_607,Konrad von Megenberg,Konrad von Megenberg,Konrad of Megenberg,118565117,Q66631,2021-10-13T14:51:17.125000+02:00,work_190
https://dh.plus.ac.at/mhdbdb/instance/person_626,person_626,Berthold von Regensburg,Berthold von Regensburg,Bertold of Regensburg,11851007X,Q452759,2021-10-13T13:22:25.239000+02:00,work_180
https://dh.plus.ac.at/mhdbdb/instance/person_627,person_627,Heinrich Wittenwiler,Heinrich Wittenwiler,Heinrich Wittenwiler,118634267,Q572849,2021-10-13T14:11:19.374000+02:00,work_302
https://dh.plus.ac.at/mhdbdb/instance/person_64,person_64,Neidhart,Neidhart,Neidhart von Reuental,118586874,Q62708,2021-10-13T13:41:57.176000+02:00,work_f1576278-e28b-4d60-b473-ce67feeefc34
https://dh.plus.ac.at/mhdbdb/instance/person_646,person_646,Priester Konrad,Priester Konrad,Priester Konrad,118713884,,2021-10-13T13:21:59.609000+02:00,work_200
https://dh.plus.ac.at/mhdbdb/instance/person_666,person_666,Johannes Rothe,Johannes Rothe,Johannes Rothe,118603191,Q125308,2021-10-13T13:25:36.894000+02:00,work_202
https://dh.plus.ac.at/mhdbdb/instance/person_686,person_686,Meister Albrant,Meister Albrant,Meister Albrant,118501593,,2021-10-13T13:15:47.757000+02:00,work_312
https://dh.plus.ac.at/mhdbdb/instance/person_7,person_7,Wolfram von Eschenbach,Wolfram von Eschenbach,Wolfram von Eschenbach,118634933,Q18821,2021-10-13T14:10:06.368000+02:00,"work_13,work_147,work_63,work_88"
https://dh.plus.ac.at/mhdbdb/instance/person_706,person_706,Freidank,Freidank,Freidank,108923502X,Q1453903,2021-10-13T13:26:39.621000+02:00,work_160
https://dh.plus.ac.at/mhdbdb/instance/person_706,person_706,Freidank,Freidank,Freidank,118535188,Q1453903,2021-10-13T13:26:39.621000+02:00,work_160
https://dh.plus.ac.at/mhdbdb/instance/person_726,person_726,Johann von Tepl,Johannes von Tepl,Johannes von Tepl,118818260,Q66762,2021-10-13T13:35:04.073000+02:00,work_167
https://dh.plus.ac.at/mhdbdb/instance/person_746,person_746,Hans Mair,Hans Mair,Hans Mair,118781324,Q55713586,2021-10-13T14:44:18.645000+02:00,work_639
https://dh.plus.ac.at/mhdbdb/instance/person_766,person_766,Lamprecht von Regensburg,Lamprecht von Regensburg,Lamprecht von Regensburg,119512653,Q1768317,2021-10-13T14:36:47.404000+02:00,"work_411,work_412"
https://dh.plus.ac.at/mhdbdb/instance/person_786,person_786,Heinrich von Rang,von Rang Heinrich,von Rang Heinrich,103101519,Q94931099,2021-10-13T13:52:27.836000+02:00,work_350
https://dh.plus.ac.at/mhdbdb/instance/person_8,person_8,Gottfried von Straßburg,Gottfried von Straßburg,Gottfried von Strassburg,118540947,Q326403,2021-10-13T14:23:40.785000+02:00,"work_110,work_72"
https://dh.plus.ac.at/mhdbdb/instance/person_806,person_806,Konrad von Haslau,Konrad von Haslau,Konrad von Haslau,103138773,Q55122592,2021-10-13T13:46:51.379000+02:00,work_353
https://dh.plus.ac.at/mhdbdb/instance/person_826,person_826,Friedrich von Sonnenburg,Friedrich von Sonnenburg,Friedrich von Sonnenburg,118535854,Q707831,2021-10-13T13:59:23.497000+02:00,work_361
https://dh.plus.ac.at/mhdbdb/instance/person_827,person_827,Konrad von Heimesfurt,Konrad von Heimesfurt,Konrad von Heimesfurt,118866524,Q102082,2021-10-13T14:09:13.728000+02:00,"work_351,work_376"
https://dh.plus.ac.at/mhdbdb/instance/person_84,person_84,Albrecht von Scharfenberg,Albrecht,Albrecht,11850164X,Q221170,2021-10-13T14:43:42.013000+02:00,work_79
https://dh.plus.ac.at/mhdbdb/instance/person_84,person_84,Albrecht von Scharfenberg,Albrecht,Albrecht,11850164X,Q83664862,2021-10-13T14:43:42.013000+02:00,work_79
https://dh.plus.ac.at/mhdbdb/instance/person_84,person_84,Albrecht von Scharfenberg,Albrecht,Albrecht,1112471774,Q221170,2021-10-13T14:43:42.013000+02:00,work_79
https://dh.plus.ac.at/mhdbdb/instance/person_84,person_84,Albrecht von Scharfenberg,Albrecht,Albrecht,1112471774,Q83664862,2021-10-13T14:43:42.013000+02:00,work_79
https://dh.plus.ac.at/mhdbdb/instance/person_847,person_847,Wernher von Elmendorf,Wernher von Elmendorf,Wernher von Elmendorf,11863156X,Q55123897,2021-10-13T14:13:17.718000+02:00,work_380
https://dh.plus.ac.at/mhdbdb/instance/person_848,person_848,Egenolf von Staufenberg,Egenolf von Staufenberg,Egenolf von Staufenberg,118529021,Q55194093,2021-10-13T13:12:13.524000+02:00,work_375
https://dh.plus.ac.at/mhdbdb/instance/person_867,person_867,Heinrich von dem Türlin,Heinrich von dem Türlin,Heinrich von dem Türlin,118548352,Q77924,2021-10-13T13:16:22.598000+02:00,"work_363,work_633"
https://dh.plus.ac.at/mhdbdb/instance/person_887,person_887,Hugo von Montfort,Hugo von Montfort,Hugo von Montfort,118554603,Q682038,2021-10-13T13:15:42.220000+02:00,work_360
https://dh.plus.ac.at/mhdbdb/instance/person_9,person_9,Konrad von Stoffeln,Konrad von Stoffel,Konrad von Stoffel,108924665X,Q1693198,2021-10-13T14:40:11.074000+02:00,work_150
https://dh.plus.ac.at/mhdbdb/instance/person_9,person_9,Konrad von Stoffeln,Konrad von Stoffel,Konrad von Stoffel,119127687,Q1693198,2021-10-13T14:40:11.074000+02:00,work_150
https://dh.plus.ac.at/mhdbdb/instance/person_907,person_907,Hans Rosenplüt,Hans Rosenplüt,Hans Rosenplüt,118791176,Q105816,2021-10-13T14:50:44.328000+02:00,"work_354,work_355,work_356,work_357,work_365"
https://dh.plus.ac.at/mhdbdb/instance/person_927,person_927,Heinrich Kaufringer,Heinrich Kaufringer,Heinrich Kaufringer,118560735,Q1597964,2021-10-13T13:19:27.357000+02:00,"work_358,work_359,work_366,work_367,work_368"
https://dh.plus.ac.at/mhdbdb/instance/person_947,person_947,Jacob Appet,Jacob Appet,Jacob Appet,101244568,,2021-10-13T14:06:31.648000+02:00,work_369
https://dh.plus.ac.at/mhdbdb/instance/person_948,person_948,Der Zwickauer,Der Zwickauer,Der Zwickauer,1056159588,,2021-10-13T13:17:38.407000+02:00,work_373
https://dh.plus.ac.at/mhdbdb/instance/person_949,person_949,Johannes von Freiberg,Johannes von Freiberg,Johannes von Freiberg,102574677,,2021-10-13T14:41:53.755000+02:00,work_382
https://dh.plus.ac.at/mhdbdb/instance/person_967,person_967,Gottfried von Neifen,Gottfried von Neifen,Gottfried von Neifen,118696696,Q879610,2021-10-13T14:01:42.653000+02:00,work_528
https://dh.plus.ac.at/mhdbdb/instance/person_987,person_987,Bruno von Hornberg,Bruno von Hornberg,Bruno von Hornberg,101244622,Q42941661,2021-10-13T14:18:00.486000+02:00,work_441
https://dh.plus.ac.at/mhdbdb/instance/person_anonym,person_anonym,Anonym,Anonymus,anonymous,,Q4233718,2021-10-13T13:42:18.478000+02:00,"work_100,work_104,work_109,work_113,work_120,work_121,work_128,work_130,work_134,work_137,work_138,work_139,work_141,work_143,work_144,work_148,work_151,work_153,work_156,work_159,work_170,work_178,work_179,work_18,work_187,work_189,work_19,work_192,work_195,work_196,work_197,work_198,work_199,work_20,work_205,work_207,work_209,work_214,work_215,work_23,work_24,work_26,work_29,work_300,work_303,work_306,work_307,work_31,work_325,work_327,work_328,work_352,work_364,work_37,work_370,work_371,work_372,work_374,work_377,work_378,work_381,work_383,work_396,work_397,work_398,work_404,work_406,work_408,work_409,work_410,work_46,work_462,work_466,work_476,work_478,work_483,work_484,work_485,work_487,work_498,work_499,work_5,work_500,work_501,work_502,work_503,work_504,work_505,work_506,work_509,work_510,work_511,work_512,work_513,work_514,work_515,work_516,work_517,work_518,work_519,work_520,work_521,work_522,work_523,work_524,work_525,work_527,work_529,work_530,work_531,work_532,work_533,work_54,work_542,work_543,work_544,work_545,work_546,work_547,work_548,work_549,work_55,work_551,work_553,work_554,work_556,work_559,work_56,work_561,work_567,work_569,work_572,work_574,work_575,work_577,work_578,work_579,work_584,work_585,work_588,work_589,work_59,work_590,work_591,work_593,work_594,work_597,work_598,work_599,work_60,work_603,work_604,work_606,work_608,work_62,work_626,work_629,work_632,work_634,work_638,work_640,work_642,work_644,work_645,work_651,work_666,work_667,work_71,work_75,work_81,work_82,work_86,work_90,work_91,work_98,work_b4cc20a0-321f-480b-95c8-75298f3c68ef,work_c7da236c-f557-49d7-b2c7-090637e59c03"
